,Code,Country,1970,1980,1990,2000,2010,2015,2020,2022,Area (km2),Density (2022),GrowthRate,World Population Percentage,Rank
0,AFG,Afghanistan,10753000000,12487000000,10695000000,19543000000,28190000000,33753000000,38972000000,41129000000,652230,63.0587,1.03,0.52,36
1,ALB,Albania,2325000000,2942000000,3295000000,3182000000,2913000000,2882000000,2867000000,2842000000,28748,98.8702,1.0,0.04,138
2,DZA,Algeria,13796000000,18739000000,25518000000,30775000000,35856000000,39543000000,43452000000,44903000000,2381741,18.8531,1.02,0.56,34
3,ASM,American Samoa,27000000,33000000,48000000,58000000,55000000,51000000,46000000,44000000,199,222.4774,0.98,0.0,213
4,AND,Andorra,20000000,36000000,54000000,66000000,72000000,72000000,78000000,80000000,468,170.5641,1.01,0.0,203
5,AGO,Angola,6030000000,8330000000,11829000000,16394000000,23364000000,28128000000,33428000000,35589000000,1246700,28.5466,1.03,0.45,42
6,AIA,Anguilla,6000000,7000000,8000000,11000000,13000000,15000000,16000000,16000000,91,174.2527,1.01,0.0,224
7,ATG,Antigua and Barbuda,65000000,65000000,63000000,75000000,86000000,90000000,93000000,94000000,442,212.1335,1.01,0.0,201
8,ARG,Argentina,23843000000,28025000000,32638000000,37071000000,41100000000,43257000000,45036000000,45510000000,2780400,16.3683,1.01,0.57,33
9,ARM,Armenia,2534000000,3135000000,3557000000,3169000000,2946000000,2879000000,2806000000,2780000000,29743,93.4831,1.0,0.03,140
10,ABW,Aruba,59000000,62000000,66000000,89000000,100000000,104000000,107000000,106000000,180,591.3611,1.0,0.0,198
11,AUS,Australia,12595000000,14706000000,17048000000,19018000000,22019000000,23820000000,25670000000,26177000000,7692024,3.4032,1.01,0.33,55
12,AUT,Austria,7465000000,7548000000,7679000000,8010000000,8363000000,8642000000,8908000000,8940000000,83871,106.5877,1.0,0.11,99
13,AZE,Azerbaijan,5425000000,6383000000,7428000000,8190000000,9237000000,9863000000,10285000000,10358000000,86600,119.6082,1.0,0.13,91
14,BHS,Bahamas,179000000,224000000,271000000,325000000,373000000,393000000,406000000,410000000,13943,29.4043,1.01,0.01,176
15,BHR,Bahrain,223000000,363000000,517000000,711000000,1214000000,1362000000,1477000000,1472000000,765,1924.4876,1.01,0.02,154
16,BGD,Bangladesh,67542000000,83930000000,107148000000,129193000000,148391000000,157830000000,167421000000,171186000000,147570,1160.035,1.01,2.15,8
17,BRB,Barbados,241000000,254000000,259000000,265000000,275000000,278000000,281000000,282000000,430,654.9651,1.0,0.0,186
18,BLR,Belarus,9171000000,9817000000,10429000000,10256000000,9731000000,9701000000,9634000000,9535000000,207600,45.9295,1.0,0.12,96
19,BEL,Belgium,9629000000,9829000000,9960000000,10264000000,10878000000,11248000000,11562000000,11656000000,30528,381.8111,1.0,0.15,81
20,BLZ,Belize,121000000,145000000,183000000,240000000,322000000,360000000,395000000,405000000,22966,17.6466,1.01,0.01,177
21,BEN,Benin,3023000000,3834000000,5133000000,6998000000,9446000000,10933000000,12643000000,13353000000,112622,118.5635,1.03,0.17,77
22,BMU,Bermuda,52000000,54000000,57000000,61000000,63000000,63000000,64000000,64000000,54,1188.5926,1.0,0.0,206
23,BTN,Bhutan,299000000,415000000,558000000,587000000,706000000,743000000,773000000,782000000,38394,20.3796,1.01,0.01,165
24,BOL,Bolivia,4586000000,5736000000,7096000000,8593000000,10223000000,11090000000,11936000000,12224000000,1098581,11.1272,1.01,0.15,80
25,BIH,Bosnia and Herzegovina,3816000000,4200000000,4494000000,4179000000,3811000000,3524000000,3318000000,3234000000,51209,63.1437,0.99,0.04,137
26,BWA,Botswana,592000000,939000000,1341000000,1727000000,2092000000,2305000000,2546000000,2630000000,582000,4.5194,1.02,0.03,144
27,BRA,Brazil,96370000000,122288000000,150706000000,175874000000,196353000000,205188000000,213196000000,215313000000,8515767,25.2841,1.0,2.7,7
28,VGB,British Virgin Islands,10000000,11000000,16000000,20000000,28000000,29000000,31000000,31000000,151,207.3179,1.01,0.0,221
29,BRN,Brunei,133000000,188000000,262000000,334000000,396000000,421000000,442000000,449000000,5765,77.8841,1.01,0.01,175
30,BGR,Bulgaria,8583000000,8981000000,8768000000,8098000000,7592000000,7309000000,6979000000,6782000000,110879,61.1654,0.98,0.09,108
31,BFA,Burkina Faso,5612000000,6933000000,9131000000,11883000000,16117000000,18718000000,21523000000,22674000000,272967,83.0641,1.03,0.28,58
32,BDI,Burundi,3498000000,4313000000,5484000000,6308000000,9127000000,10727000000,12220000000,12890000000,27834,463.0874,1.03,0.16,78
33,KHM,Cambodia,6709000000,6199000000,8911000000,12119000000,14364000000,15418000000,16397000000,16768000000,181035,92.6221,1.01,0.21,73
34,CMR,Cameroon,6453000000,8520000000,11431000000,15092000000,19878000000,23013000000,26491000000,27915000000,475442,58.7128,1.03,0.35,53
35,CAN,Canada,21435000000,24512000000,27657000000,30683000000,33963000000,35732000000,37889000000,38454000000,9984670,3.8513,1.01,0.48,39
36,CPV,Cape Verde,287000000,317000000,365000000,458000000,521000000,552000000,583000000,593000000,4033,147.0739,1.01,0.01,171
37,CYM,Cayman Islands,11000000,17000000,26000000,40000000,54000000,61000000,67000000,69000000,264,260.25,1.01,0.0,205
38,CAF,Central African Republic,2067000000,2415000000,2809000000,3759000000,4660000000,4819000000,5343000000,5579000000,622984,8.9555,1.02,0.07,117
39,TCD,Chad,3667000000,4408000000,5827000000,8259000000,11895000000,14140000000,16645000000,17723000000,1284000,13.8032,1.03,0.22,69
40,CHL,Chile,9820000000,11470000000,13343000000,15352000000,17004000000,17870000000,19300000000,19604000000,756102,25.9274,1.01,0.25,65
41,CHN,China,822534000000,982372000000,1153704000000,1264099000000,1348191000000,1393715000000,1424930000000,1425887000000,9706961,146.8933,1.0,17.88,1
42,COL,Colombia,20905000000,26176000000,32601000000,39215000000,44816000000,47120000000,50931000000,51874000000,1141748,45.4339,1.01,0.65,28
43,COM,Comoros,242000000,328000000,431000000,537000000,656000000,730000000,806000000,837000000,1862,449.3953,1.02,0.01,163
44,COK,Cook Islands,20000000,18000000,17000000,16000000,17000000,18000000,17000000,17000000,236,72.0805,1.0,0.0,223
45,CRI,Costa Rica,1856000000,2414000000,3158000000,3979000000,4622000000,4895000000,5123000000,5181000000,51100,101.3861,1.01,0.06,124
46,HRV,Croatia,4493000000,4680000000,4874000000,4548000000,4369000000,4255000000,4097000000,4030000000,56594,71.2153,0.99,0.05,130
47,CUB,Cuba,8870000000,9809000000,10627000000,11106000000,11290000000,11340000000,11301000000,11212000000,109884,102.0366,1.0,0.14,85
48,CUW,Curacao,150000000,157000000,155000000,141000000,159000000,170000000,189000000,191000000,444,430.5473,1.0,0.0,189
49,CYP,Cyprus,641000000,679000000,789000000,948000000,1130000000,1187000000,1238000000,1251000000,9251,135.2814,1.01,0.02,158
50,CZE,Czech Republic,9796000000,10270000000,10301000000,10235000000,10465000000,10524000000,10531000000,10494000000,78865,133.0627,1.0,0.13,88
51,COD,DR Congo,20152000000,26709000000,35988000000,48616000000,66391000000,78657000000,92853000000,99010000000,2344858,42.2244,1.03,1.24,15
52,DNK,Denmark,4923000000,5125000000,5145000000,5341000000,5551000000,5678000000,5826000000,5882000000,43094,136.4984,1.0,0.07,115
53,DJI,Djibouti,144000000,324000000,577000000,742000000,919000000,1006000000,1090000000,1121000000,23200,48.3125,1.01,0.01,160
54,DMA,Dominica,69000000,73000000,69000000,68000000,69000000,70000000,72000000,73000000,751,96.8535,1.0,0.0,204
55,DOM,Dominican Republic,4476000000,5756000000,7129000000,8541000000,9776000000,10406000000,11000000000,11229000000,48671,230.7087,1.01,0.14,84
56,ECU,Ecuador,6172000000,8136000000,10450000000,12627000000,14990000000,16196000000,17589000000,18001000000,276841,65.0229,1.01,0.23,67
57,EGY,Egypt,34782000000,43749000000,57215000000,71371000000,87252000000,97724000000,107465000000,110990000000,1002450,110.7188,1.02,1.39,14
58,SLV,El Salvador,3619000000,4509000000,5367000000,5958000000,6114000000,6231000000,6293000000,6336000000,21041,301.145,1.0,0.08,112
59,GNQ,Equatorial Guinea,317000000,283000000,466000000,685000000,1095000000,1347000000,1596000000,1675000000,28051,59.7094,1.02,0.02,152
60,ERI,Eritrea,1273000000,1658000000,2150000000,2393000000,3148000000,3340000000,3556000000,3684000000,117600,31.3268,1.02,0.05,132
61,EST,Estonia,1362000000,1477000000,1571000000,1397000000,1332000000,1315000000,1329000000,1326000000,45227,29.3201,1.0,0.02,156
62,SWZ,Eswatini,443000000,599000000,854000000,1030000000,1100000000,1134000000,1181000000,1202000000,17364,69.2047,1.01,0.02,159
63,ETH,Ethiopia,28308000000,34945000000,47878000000,67032000000,89238000000,102472000000,117191000000,123380000000,1104300,111.7268,1.03,1.55,12
64,FLK,Falkland Islands,2000000,2000000,2000000,3000000,3000000,3000000,4000000,4000000,12173,0.3105,1.0,0.0,231
65,FRO,Faroe Islands,38000000,43000000,47000000,46000000,48000000,49000000,52000000,53000000,1393,38.112,1.0,0.0,209
66,FJI,Fiji,528000000,645000000,780000000,833000000,905000000,917000000,920000000,930000000,18272,50.8847,1.01,0.01,162
67,FIN,Finland,4607000000,4779000000,4987000000,5176000000,5363000000,5479000000,5529000000,5541000000,338424,16.3722,1.0,0.07,118
68,FRA,France,50524000000,53714000000,56413000000,58665000000,62445000000,63810000000,64480000000,64627000000,551695,117.1419,1.0,0.81,23
69,GUF,French Guiana,46000000,67000000,114000000,164000000,228000000,257000000,291000000,305000000,83534,3.6459,1.02,0.0,184
70,PYF,French Polynesia,118000000,164000000,211000000,251000000,284000000,292000000,302000000,306000000,4167,73.5011,1.01,0.0,183
71,GAB,Gabon,597000000,749000000,983000000,1273000000,1711000000,2029000000,2293000000,2389000000,267668,8.9252,1.02,0.03,146
72,GMB,Gambia,529000000,719000000,1041000000,1438000000,1937000000,2253000000,2574000000,2706000000,10689,253.1567,1.03,0.03,142
73,GEO,Georgia,4800000000,5146000000,5392000000,4265000000,3837000000,3771000000,3766000000,3744000000,69700,53.7214,1.0,0.05,131
74,DEU,Germany,78295000000,77787000000,79370000000,81552000000,81325000000,82073000000,83329000000,83370000000,357114,233.4544,1.0,1.05,19
75,GHA,Ghana,8862000000,11865000000,15447000000,19666000000,25575000000,28871000000,32180000000,33476000000,238533,140.3406,1.02,0.42,47
76,GIB,Gibraltar,27000000,29000000,27000000,28000000,31000000,33000000,33000000,33000000,6,5441.5,1.0,0.0,219
77,GRC,Greece,8545000000,9307000000,10302000000,11038000000,11034000000,10807000000,10512000000,10385000000,131990,78.68,0.99,0.13,90
78,GRL,Greenland,45000000,50000000,56000000,56000000,56000000,56000000,56000000,56000000,2166086,0.0261,1.0,0.0,208
79,GRD,Grenada,99000000,95000000,99000000,107000000,114000000,119000000,124000000,125000000,344,364.6453,1.01,0.0,193
80,GLP,Guadeloupe,318000000,334000000,392000000,424000000,403000000,399000000,396000000,396000000,1628,243.0909,1.0,0.0,178
81,GUM,Guam,88000000,110000000,138000000,160000000,165000000,168000000,169000000,172000000,549,312.8852,1.01,0.0,191
82,GTM,Guatemala,5453000000,6988000000,9085000000,11736000000,14543000000,16001000000,17363000000,17844000000,108889,163.8725,1.01,0.22,68
83,GGY,Guernsey,53000000,53000000,58000000,59000000,61000000,62000000,63000000,63000000,78,811.5513,1.0,0.0,207
84,GIN,Guinea,4222000000,4973000000,6354000000,8337000000,10271000000,11626000000,13205000000,13859000000,245857,56.3716,1.02,0.17,75
85,GNB,Guinea-Bissau,592000000,831000000,974000000,1231000000,1567000000,1789000000,2016000000,2106000000,36125,58.2856,1.02,0.03,149
86,GUY,Guyana,705000000,778000000,747000000,759000000,748000000,755000000,797000000,809000000,214969,3.7621,1.01,0.01,164
87,HTI,Haiti,4681000000,5647000000,6925000000,8360000000,9843000000,10564000000,11307000000,11585000000,27750,417.4773,1.01,0.15,82
88,HND,Honduras,2783000000,3778000000,5053000000,6657000000,8451000000,9295000000,10122000000,10433000000,112492,92.7431,1.02,0.13,89
89,HKG,Hong Kong,3955000000,4979000000,5839000000,6731000000,7132000000,7400000000,7501000000,7489000000,1104,6783.3922,1.0,0.09,104
90,HUN,Hungary,10315000000,10699000000,10376000000,10202000000,9987000000,9844000000,9751000000,9967000000,93028,107.1431,1.03,0.12,94
91,ISL,Iceland,204000000,228000000,255000000,281000000,318000000,331000000,367000000,373000000,103000,3.6204,1.01,0.0,179
92,IND,India,557501000000,696828000000,870452000000,1059634000000,1240614000000,1322867000000,1396387000000,1417173000000,3287590,431.0675,1.01,17.77,2
93,IDN,Indonesia,115228000000,148177000000,182160000000,214072000000,244016000000,259092000000,271858000000,275501000000,1904569,144.6529,1.01,3.45,4
94,IRN,Iran,28450000000,38521000000,55794000000,65544000000,75374000000,81791000000,87290000000,88551000000,1648195,53.7258,1.01,1.11,17
95,IRQ,Iraq,9811000000,13653000000,17658000000,24629000000,31265000000,37758000000,42557000000,44496000000,438317,101.5158,1.02,0.56,35
96,IRL,Ireland,2938000000,3391000000,3485000000,3769000000,4525000000,4666000000,4946000000,5023000000,70273,71.4799,1.01,0.06,125
97,IMN,Isle of Man,55000000,64000000,69000000,76000000,84000000,84000000,84000000,85000000,572,147.7605,1.0,0.0,202
98,ISR,Israel,2907000000,3745000000,4803000000,6117000000,7328000000,8008000000,8757000000,9038000000,20770,435.1617,1.02,0.11,98
99,ITA,Italy,53324000000,56329000000,56757000000,56966000000,59822000000,60233000000,59501000000,59037000000,301336,195.9191,1.0,0.74,25
100,CIV,Ivory Coast,5477000000,8304000000,11911000000,16800000000,21120000000,23597000000,26812000000,28161000000,322463,87.3295,1.02,0.35,52
101,JAM,Jamaica,1859000000,2136000000,2392000000,2612000000,2734000000,2794000000,2820000000,2827000000,10991,257.2447,1.0,0.04,139
102,JPN,Japan,105417000000,117624000000,123686000000,126804000000,128105000000,127251000000,125245000000,123952000000,377930,327.9753,0.99,1.55,11
103,JEY,Jersey,68000000,75000000,83000000,86000000,96000000,101000000,108000000,111000000,116,954.9828,1.01,0.0,195
104,JOR,Jordan,1557000000,2217000000,3481000000,5056000000,6931000000,9494000000,10929000000,11286000000,89342,126.3221,1.01,0.14,83
105,KAZ,Kazakhstan,12265000000,14173000000,16867000000,15236000000,16628000000,17836000000,18979000000,19398000000,2724900,7.1188,1.01,0.24,66
106,KEN,Kenya,11473000000,16187000000,23162000000,30852000000,41518000000,46851000000,51986000000,54027000000,580367,93.0919,1.02,0.68,27
107,KIR,Kiribati,57000000,61000000,75000000,89000000,108000000,117000000,126000000,131000000,811,161.815,1.02,0.0,192
108,KWT,Kuwait,803000000,1494000000,1675000000,1935000000,2943000000,3909000000,4360000000,4269000000,17818,239.5821,1.0,0.05,129
109,KGZ,Kyrgyzstan,3016000000,3691000000,4395000000,4935000000,5484000000,5915000000,6425000000,6631000000,199951,33.1612,1.02,0.08,110
110,LAO,Laos,2675000000,3298000000,4314000000,5431000000,6323000000,6787000000,7319000000,7529000000,236800,31.7968,1.01,0.09,103
111,LVA,Latvia,2397000000,2572000000,2689000000,2393000000,2102000000,1992000000,1897000000,1851000000,64559,28.666,0.99,0.02,151
112,LBN,Lebanon,2382000000,2964000000,3594000000,4321000000,4996000000,6399000000,5663000000,5490000000,10452,525.2334,0.98,0.07,119
113,LSO,Lesotho,1023000000,1408000000,1799000000,1999000000,2023000000,2119000000,2254000000,2306000000,30355,75.962,1.01,0.03,147
114,LBR,Liberia,1464000000,1932000000,2210000000,2895000000,4020000000,4612000000,5088000000,5303000000,111369,47.6136,1.02,0.07,121
115,LBY,Libya,1909000000,2963000000,4237000000,5155000000,6492000000,6192000000,6654000000,6812000000,1759540,3.8717,1.01,0.09,107
116,LIE,Liechtenstein,21000000,25000000,29000000,33000000,36000000,37000000,39000000,39000000,160,245.7937,1.01,0.0,216
117,LTU,Lithuania,3210000000,3521000000,3786000000,3600000000,3139000000,2964000000,2820000000,2750000000,65300,42.1142,0.99,0.03,141
118,LUX,Luxembourg,339000000,364000000,381000000,436000000,507000000,569000000,630000000,648000000,2586,250.425,1.01,0.01,168
119,MAC,Macau,247000000,245000000,350000000,432000000,557000000,615000000,676000000,695000000,30,23172.2667,1.01,0.01,167
120,MDG,Madagascar,6640000000,8948000000,11883000000,16216000000,21731000000,24851000000,28225000000,29612000000,587041,50.4423,1.02,0.37,50
121,MWI,Malawi,4625000000,6267000000,9540000000,11229000000,14718000000,16939000000,19377000000,20405000000,118484,172.22,1.03,0.26,62
122,MYS,Malaysia,10307000000,13216000000,17517000000,22945000000,28718000000,31069000000,33200000000,33938000000,330803,102.5934,1.01,0.43,45
123,MDV,Maldives,123000000,165000000,225000000,283000000,362000000,436000000,514000000,524000000,300,1745.9567,1.0,0.01,174
124,MLI,Mali,6154000000,7373000000,8945000000,11239000000,15529000000,18113000000,21224000000,22594000000,1240192,18.2178,1.03,0.28,59
125,MLT,Malta,315000000,334000000,365000000,399000000,419000000,457000000,515000000,533000000,316,1687.6139,1.01,0.01,173
126,MHL,Marshall Islands,24000000,32000000,46000000,54000000,53000000,49000000,43000000,42000000,181,229.663,0.99,0.0,215
127,MTQ,Martinique,326000000,334000000,374000000,433000000,392000000,384000000,370000000,368000000,1128,325.8041,1.0,0.0,180
128,MRT,Mauritania,1122000000,1507000000,2006000000,2695000000,3419000000,3946000000,4499000000,4736000000,1030700,4.5951,1.03,0.06,126
129,MUS,Mauritius,830000000,955000000,1090000000,1216000000,1283000000,1293000000,1298000000,1299000000,2040,636.9946,1.0,0.02,157
130,MYT,Mayotte,35000000,52000000,93000000,159000000,212000000,250000000,306000000,326000000,374,871.9278,1.03,0.0,182
131,MEX,Mexico,50289000000,67705000000,81720000000,97873000000,112532000000,120150000000,125998000000,127504000000,1964375,64.9082,1.01,1.6,10
132,FSM,Micronesia,59000000,76000000,99000000,112000000,108000000,109000000,112000000,114000000,702,162.6268,1.01,0.0,194
133,MDA,Moldova,3711000000,4103000000,4480000000,4252000000,3678000000,3277000000,3085000000,3273000000,33846,96.7026,1.07,0.04,135
134,MCO,Monaco,24000000,27000000,30000000,32000000,33000000,37000000,37000000,36000000,2,18234.5,0.99,0.0,217
135,MNG,Mongolia,1294000000,1698000000,2161000000,2451000000,2703000000,2965000000,3294000000,3398000000,1564110,2.1727,1.02,0.04,134
136,MNE,Montenegro,530000000,589000000,621000000,633000000,631000000,634000000,629000000,627000000,13812,45.4012,1.0,0.01,169
137,MSR,Montserrat,11000000,11000000,11000000,5000000,5000000,5000000,5000000,4000000,102,43.0392,0.99,0.0,230
138,MAR,Morocco,15274000000,19678000000,24571000000,28554000000,32465000000,34680000000,36689000000,37458000000,446550,83.883,1.01,0.47,40
139,MOZ,Mozambique,8412000000,11414000000,13303000000,17769000000,23074000000,26843000000,31178000000,32970000000,801590,41.1302,1.03,0.41,48
140,MMR,Myanmar,27284000000,33466000000,40100000000,45538000000,49391000000,51484000000,53423000000,54179000000,676578,80.0784,1.01,0.68,26
141,NAM,Namibia,754000000,976000000,1369000000,1819000000,2099000000,2283000000,2489000000,2567000000,825615,3.1092,1.01,0.03,145
142,NRU,Nauru,7000000,8000000,10000000,10000000,10000000,11000000,12000000,13000000,21,603.2381,1.01,0.0,225
143,NPL,Nepal,12501000000,15600000000,19617000000,24560000000,27162000000,27610000000,29349000000,30548000000,147181,207.5511,1.02,0.38,49
144,NLD,Netherlands,13038000000,14130000000,14945000000,15899000000,16617000000,17041000000,17435000000,17564000000,41850,419.6897,1.0,0.22,71
145,NCL,New Caledonia,111000000,149000000,177000000,222000000,261000000,283000000,286000000,290000000,18575,15.6097,1.01,0.0,185
146,NZL,New Zealand,2824000000,3147000000,3397000000,3855000000,4346000000,4591000000,5061000000,5185000000,270467,19.1716,1.01,0.07,123
147,NIC,Nicaragua,2445000000,3303000000,4228000000,5123000000,5856000000,6299000000,6756000000,6948000000,130373,53.2962,1.01,0.09,106
148,NER,Niger,4670000000,6173000000,8371000000,11623000000,16648000000,20128000000,24334000000,26208000000,1267000,20.6851,1.04,0.33,54
149,NGA,Nigeria,55569000000,72951000000,95214000000,122852000000,160953000000,183996000000,208327000000,218541000000,923768,236.5759,1.02,2.74,6
150,NIU,Niue,5000000,4000000,3000000,2000000,2000000,2000000,2000000,2000000,260,7.4385,1.0,0.0,232
151,PRK,North Korea,14997000000,17974000000,20800000000,23367000000,24686000000,25258000000,25867000000,26069000000,120538,216.2755,1.0,0.33,56
152,MKD,North Macedonia,1657000000,1907000000,2044000000,2038000000,2094000000,2108000000,2111000000,2094000000,25713,81.4218,1.0,0.03,150
153,MNP,Northern Mariana Islands,10000000,18000000,48000000,80000000,54000000,52000000,50000000,50000000,464,106.7909,1.0,0.0,210
154,NOR,Norway,3876000000,4086000000,4242000000,4491000000,4890000000,5190000000,5380000000,5434000000,323802,16.7828,1.01,0.07,120
155,OMN,Oman,671000000,1017000000,1805000000,2344000000,2882000000,4192000000,4543000000,4576000000,309500,14.7861,1.01,0.06,127
156,PAK,Pakistan,59291000000,80624000000,115414000000,154370000000,194454000000,210969000000,227197000000,235825000000,881912,267.4018,1.02,2.96,5
157,PLW,Palau,11000000,12000000,15000000,20000000,19000000,18000000,18000000,18000000,459,39.3355,1.0,0.0,222
158,PSE,Palestine,1118000000,1454000000,2125000000,3140000000,3992000000,4485000000,5019000000,5250000000,6220,844.063,1.02,0.07,122
159,PAN,Panama,1516000000,1957000000,2450000000,3002000000,3624000000,3957000000,4294000000,4409000000,75417,58.4561,1.01,0.06,128
160,PNG,Papua New Guinea,2489000000,3105000000,3865000000,5508000000,7583000000,8682000000,9750000000,10143000000,462840,21.9139,1.02,0.13,93
161,PRY,Paraguay,2409000000,3079000000,4059000000,5124000000,5769000000,6178000000,6619000000,6781000000,406752,16.6705,1.01,0.09,109
162,PER,Peru,13562000000,17492000000,22109000000,26654000000,29230000000,30712000000,33305000000,34050000000,1285216,26.4933,1.01,0.43,44
163,PHL,Philippines,37436000000,48420000000,61559000000,77958000000,94637000000,103031000000,112191000000,115559000000,342353,337.5434,1.01,1.45,13
164,POL,Poland,32483000000,35521000000,38064000000,38504000000,38597000000,38553000000,38428000000,39857000000,312679,127.4698,1.04,0.5,37
165,PRT,Portugal,8684000000,9785000000,10007000000,10301000000,10588000000,10365000000,10298000000,10271000000,92090,111.5307,1.0,0.13,92
166,PRI,Puerto Rico,2738000000,3215000000,3544000000,3827000000,3718000000,3497000000,3272000000,3252000000,8870,366.675,1.0,0.04,136
167,QAT,Qatar,118000000,277000000,442000000,646000000,1714000000,2415000000,2760000000,2695000000,11586,232.6189,1.0,0.03,143
168,COG,Republic of the Congo,1397000000,1829000000,2385000000,3134000000,4438000000,5064000000,5702000000,5970000000,342000,17.4574,1.02,0.07,114
169,REU,Reunion,474000000,552000000,659000000,785000000,890000000,922000000,958000000,974000000,2511,387.914,1.01,0.01,161
170,ROU,Romania,19923000000,22125000000,22836000000,21920000000,20335000000,19906000000,19442000000,19659000000,238391,82.4665,1.02,0.25,64
171,RUS,Russia,130093000000,138257000000,148006000000,146845000000,143243000000,144668000000,145617000000,144713000000,17098242,8.4636,1.0,1.81,9
172,RWA,Rwanda,3896000000,5248000000,7320000000,8110000000,10309000000,11643000000,13146000000,13777000000,26338,523.0731,1.02,0.17,76
173,BLM,Saint Barthelemy,2000000,3000000,5000000,7000000,9000000,10000000,11000000,11000000,21,522.2381,1.01,0.0,228
174,KNA,Saint Kitts and Nevis,45000000,43000000,41000000,45000000,47000000,48000000,48000000,48000000,261,182.5939,1.0,0.0,211
175,LCA,Saint Lucia,103000000,122000000,142000000,160000000,171000000,176000000,179000000,180000000,616,291.9756,1.0,0.0,190
176,MAF,Saint Martin,6000000,8000000,28000000,30000000,36000000,35000000,33000000,32000000,53,599.8302,1.0,0.0,220
177,SPM,Saint Pierre and Miquelon,6000000,6000000,6000000,6000000,6000000,6000000,6000000,6000000,242,24.2231,1.0,0.0,229
178,VCT,Saint Vincent and the Grenadines,98000000,107000000,112000000,114000000,109000000,106000000,105000000,104000000,389,267.2185,1.0,0.0,199
179,WSM,Samoa,143000000,165000000,168000000,184000000,195000000,204000000,215000000,222000000,2842,78.2484,1.02,0.0,188
180,SMR,San Marino,18000000,21000000,23000000,27000000,32000000,34000000,34000000,34000000,61,551.8033,1.0,0.0,218
181,STP,Sao Tome and Principe,78000000,97000000,120000000,144000000,182000000,201000000,219000000,227000000,964,235.8714,1.02,0.0,187
182,SAU,Saudi Arabia,6106000000,10172000000,16005000000,21547000000,29412000000,32750000000,35997000000,36409000000,2149690,16.9368,1.01,0.46,41
183,SEN,Senegal,4368000000,5704000000,7536000000,9704000000,12530000000,14356000000,16436000000,17316000000,196722,88.025,1.03,0.22,72
184,SRB,Serbia,7194000000,7777000000,7988000000,7935000000,7654000000,7519000000,7358000000,7221000000,88361,81.7257,0.99,0.09,105
185,SYC,Seychelles,54000000,65000000,71000000,80000000,92000000,99000000,106000000,107000000,452,236.9867,1.01,0.0,196
186,SLE,Sierra Leone,2779000000,3367000000,4325000000,4584000000,6437000000,7315000000,8234000000,8606000000,71740,119.957,1.02,0.11,102
187,SGP,Singapore,2062000000,2401000000,3022000000,4054000000,5164000000,5650000000,5910000000,5976000000,710,8416.4634,1.01,0.07,113
188,SXM,Sint Maarten,6000000,12000000,28000000,30000000,33000000,40000000,44000000,44000000,34,1299.2647,1.0,0.0,214
189,SVK,Slovakia,4523000000,4974000000,5261000000,5377000000,5396000000,5424000000,5457000000,5643000000,49037,115.0856,1.04,0.07,116
190,SVN,Slovenia,1741000000,1902000000,1986000000,1984000000,2057000000,2081000000,2118000000,2120000000,20273,104.5649,1.0,0.03,148
191,SLB,Solomon Islands,173000000,234000000,324000000,430000000,540000000,613000000,691000000,724000000,28896,25.0648,1.02,0.01,166
192,SOM,Somalia,3721000000,5892000000,6999000000,8721000000,12027000000,13764000000,16537000000,17598000000,637657,27.5971,1.03,0.22,70
193,ZAF,South Africa,22368000000,29464000000,39878000000,46813000000,51785000000,55877000000,58802000000,59894000000,1221037,49.0517,1.01,0.75,24
194,KOR,South Korea,32601000000,38171000000,44120000000,46789000000,48813000000,50994000000,51845000000,51816000000,100210,517.0722,1.0,0.65,29
195,SSD,South Sudan,3342000000,4192000000,4751000000,6114000000,9714000000,11194000000,10606000000,10913000000,619745,17.6091,1.02,0.14,86
196,ESP,Spain,33793000000,37492000000,38890000000,40742000000,46573000000,46431000000,47364000000,47559000000,505992,93.9909,1.0,0.6,30
197,LKA,Sri Lanka,12389000000,14944000000,17204000000,18776000000,20669000000,21337000000,21715000000,21832000000,65610,332.7563,1.0,0.27,61
198,SDN,Sudan,11305000000,16674000000,21091000000,26299000000,33740000000,38171000000,44440000000,46874000000,1886068,24.8529,1.03,0.59,32
199,SUR,Suriname,380000000,375000000,413000000,479000000,546000000,575000000,607000000,618000000,163820,3.7727,1.01,0.01,170
200,SWE,Sweden,8028000000,8312000000,8548000000,8871000000,9382000000,9849000000,10369000000,10549000000,450295,23.4276,1.01,0.13,87
201,CHE,Switzerland,6181000000,6319000000,6712000000,7182000000,7822000000,8282000000,8639000000,8740000000,41284,211.7157,1.01,0.11,101
202,SYR,Syria,6319000000,8899000000,12409000000,16308000000,22338000000,19205000000,20773000000,22125000000,185180,119.4797,1.04,0.28,60
203,TWN,Taiwan,14958000000,18100000000,20586000000,22195000000,23083000000,23512000000,23821000000,23893000000,36193,660.1662,1.0,0.3,57
204,TJK,Tajikistan,2993000000,4046000000,5418000000,6273000000,7622000000,8524000000,9543000000,9953000000,143100,69.5513,1.02,0.12,95
205,TZA,Tanzania,13618000000,19298000000,26206000000,34464000000,45111000000,52543000000,61705000000,65498000000,945087,69.3034,1.03,0.82,22
206,THA,Thailand,35792000000,45738000000,55228000000,63067000000,68270000000,70294000000,71476000000,71697000000,513120,139.7276,1.0,0.9,20
207,TLS,Timor-Leste,554000000,642000000,758000000,878000000,1088000000,1206000000,1300000000,1341000000,14874,90.1772,1.02,0.02,155
208,TGO,Togo,2197000000,2838000000,3876000000,5008000000,6572000000,7473000000,8443000000,8849000000,56785,155.8281,1.02,0.11,100
209,TKL,Tokelau,2000000,2000000,2000000,2000000,1000000,1000000,2000000,2000000,12,155.9167,1.01,0.0,233
210,TON,Tonga,86000000,97000000,99000000,103000000,107000000,106000000,105000000,107000000,747,143.0495,1.01,0.0,197
211,TTO,Trinidad and Tobago,989000000,1128000000,1267000000,1332000000,1410000000,1460000000,1518000000,1531000000,5130,298.4491,1.0,0.02,153
212,TUN,Tunisia,5047000000,6578000000,8440000000,9893000000,10895000000,11558000000,12162000000,12356000000,163610,75.5218,1.01,0.15,79
213,TUR,Turkey,35541000000,44089000000,54324000000,64114000000,73195000000,79646000000,84135000000,85341000000,783562,108.9145,1.01,1.07,18
214,TKM,Turkmenistan,2201000000,2863000000,3720000000,4569000000,5268000000,5766000000,6250000000,6431000000,488100,13.1751,1.01,0.08,111
215,TCA,Turks and Caicos Islands,6000000,8000000,12000000,19000000,30000000,37000000,44000000,46000000,948,48.2099,1.01,0.0,212
216,TUV,Tuvalu,6000000,8000000,9000000,10000000,11000000,11000000,11000000,11000000,26,435.0769,1.01,0.0,227
217,UGA,Uganda,10317000000,13284000000,17587000000,24021000000,32342000000,37477000000,44405000000,47250000000,241550,195.61,1.03,0.59,31
218,UKR,Ukraine,47279000000,49974000000,51590000000,48880000000,45683000000,44983000000,43910000000,39702000000,603500,65.7858,0.91,0.5,38
219,ARE,United Arab Emirates,298000000,1014000000,1900000000,3275000000,8482000000,8917000000,9287000000,9441000000,83600,112.9322,1.01,0.12,97
220,GBR,United Kingdom,55650000000,56326000000,57210000000,58850000000,62760000000,65224000000,67059000000,67509000000,242900,277.9289,1.0,0.85,21
221,USA,United States,200328000000,223140000000,248084000000,282399000000,311183000000,324608000000,335942000000,338290000000,9372610,36.0935,1.0,4.24,3
222,VIR,United States Virgin Islands,63000000,97000000,101000000,108000000,106000000,103000000,100000000,99000000,347,286.6427,0.99,0.0,200
223,URY,Uruguay,2790000000,2954000000,3117000000,3292000000,3353000000,3403000000,3429000000,3423000000,181034,18.9069,1.0,0.04,133
224,UZB,Uzbekistan,12011000000,15947000000,20579000000,24926000000,28614000000,30949000000,33527000000,34628000000,447400,77.3975,1.02,0.43,43
225,VUT,Vanuatu,87000000,118000000,151000000,192000000,245000000,276000000,312000000,327000000,12189,26.8061,1.02,0.0,181
226,VAT,Vatican City,1000000,1000000,1000000,1000000,1000000,1000000,1000000,1000000,1,510.0,1.0,0.0,234
227,VEN,Venezuela,11355000000,15210000000,19751000000,24428000000,28715000000,30530000000,28490000000,28302000000,916445,30.882,1.0,0.35,51
228,VNM,Vietnam,41929000000,52968000000,66913000000,79001000000,87411000000,92191000000,96649000000,98187000000,331212,296.4472,1.01,1.23,16
229,WLF,Wallis and Futuna,9000000,11000000,13000000,15000000,13000000,12000000,12000000,12000000,142,81.493,1.0,0.0,226
230,ESH,Western Sahara,76000000,117000000,179000000,270000000,413000000,492000000,556000000,576000000,266000,2.1654,1.02,0.01,172
231,YEM,Yemen,6844000000,9205000000,13375000000,18629000000,24744000000,28517000000,32284000000,33697000000,527968,63.8232,1.02,0.42,46
232,ZMB,Zambia,4282000000,5720000000,7686000000,9891000000,13792000000,16248000000,18928000000,20018000000,752612,26.5976,1.03,0.25,63
233,ZWE,Zimbabwe,5203000000,7050000000,10114000000,11835000000,12840000000,14155000000,15670000000,16321000000,390757,41.7665,1.02,0.2,74
